{
  "project_info": {
    "project_number": "898780499755",
    "project_id": "users-84a02",
    "storage_bucket": "users-84a02.appspot.com"
  },
  "client": [
    {
      "client_info": {
        "mobilesdk_app_id": "1:898780499755:android:678929677c73134947ff6e",
        "android_client_info": {
          "package_name": "com.example.myapplication"
        }
      },
      "oauth_client": [
        {
          "client_id": "898780499755-icr1rs3v31jmjt3qhfmq09cudqderdjo.apps.googleusercontent.com",
          "client_type": 3
        }
      ],
      "api_key": [
        {
          "current_key": "AIzaSyBFGL58FmWjjXBWTvQLfXb3-equC8x7B7E"
        }
      ],
      "services": {
        "appinvite_service": {
          "other_platform_oauth_client": [
            {
              "client_id": "898780499755-icr1rs3v31jmjt3qhfmq09cudqderdjo.apps.googleusercontent.com",
              "client_type": 3
            }
          ]
        }
      }
    }
  ],
  "configuration_version": "1"
}